",KÐ£uu"
.
.00cfg
.CRT
.Iwx
.MPRESS1
.MPRESS2
.PACKMAN
.PROPSEC
.PTData
.QMGuid
.SUPX1
.SharedD
.UEiiA
.UWY
.XIzwWB
.adata
.apiset
.aspack
.be0
.be1
.buildi
.buildid
.cdata
.code
.data
.data1
.data_cy
.debug
.detourc
.didat
.edata
.eeunG
.eh_fram
.enigma1
.extjmp
.extrel
.flat
.gfids
.guids
.header
.iZaM
.idata
.idata
.imports
.itext
.its
.jT
".lol
		1"
.mrdata
.neolit
.nep
.no_bbt
.nsp1
.nv_fatb
.orpc
.pdata
.qYtH
.qtmetad
.rdata
.rdata51
.reloc
.res
.rmnet
.rodata
.rodata:
.rpttext
.rsrc
.rsrc
.rsrc
.rsrc
.sdata
.sdbid
.shared
.srdata
.stab
.stabstr
.text
.text
.text/DE
.text1
.text2
.text:
.tls
.trace
.tsuarch
.tsustub
.tvm0
.vfdata
.vmp0
.vmp1
.vrdata
.vtext
.wV
.wixburn
.wpp_sf
.xRFIoiJ
.xdata
.zero
/102
/108
/113
/14
/19
/29
/30
/31
/35
/4
/41
/42
/45
/47
/51
/55
/56
/57
/61
/67
/70
/73
/77
/80
/81
/86
/91
/92
/97
ALMOSTRO
AUTO
BASE
BIDJOWDP
BUSDSDWD
CODE
CODE
CODE
CODE
CODE
CODE
DAT1
DATA
DATA
DATA
DATA
DGROUP
ENGINE
FE_TEXT
GFIDS
GSYGDD
GTDTSYDW
HUGDFRTY
HYSDHSD
IACODE2
INIT
INITDATA
MMXCODE1
MMXDATA1
MSSMIXER
NONPAGE
NONPAGED
OVERLAY
PAGE
PAGE8FIL
PAGECONS
PAGEDATA
PAGEHrx
PAGEKRPC
PAGELK
PAGENWan
PAGEPpoe
PAGER32C
PAGEwx1
PAGEwx2
PAGEwx3
PAGEwx4
PAGEwx5
PAGEwx6
RT_CODE
RT_CONST
RT_DATA
RWemEqCv
SANONTCP
UPX0
UPX1
UPX2
VJHSGDHI
XAMLColo
YUDGRETW
_RDATA
_TEXT64
ashdhas
bero^fr
cbnjiffe
code
data
dkdafitc
hudshufe
kkrunchy
minATL
nlsdata
oEHFJHiA
petite
text
ubzfLNLv
