D:\08_Dataset\Internal\mar2020\pickle_files\b5f70453382e675370458ad387257e1ba25ccdb5.pkl,0
D:\08_Dataset\Internal\mar2020\pickle_files\28851eb8bd915691a9781ddb6820b1687ba39eda.pkl,0
D:\08_Dataset\Internal\mar2020\pickle_files\274807a445500badf4b458ff80a5ab2ad55c1f77.pkl,0
D:\08_Dataset\Internal\mar2020\pickle_files\a344e53dc811235d37f5d70ad3f17c3c22d8abec.pkl,0
D:\08_Dataset\Internal\mar2020\pickle_files\e690a7159880b34453af09e64ef9016c5166679d.pkl,0
D:\08_Dataset\Internal\mar2020\pickle_files\02a63b30ca001240a3b0551a569b6f2dc08bfdc6.pkl,0
D:\08_Dataset\Internal\mar2020\pickle_files\099e79aaa5c721f02e1a0622dfd458ac6d4a4b08.pkl,0
D:\08_Dataset\Internal\mar2020\pickle_files\03d37b7c7457a0ee32022a096cf86845bc2006bc.pkl,0
D:\08_Dataset\Internal\mar2020\pickle_files\f6dad619557cf8055dfcbe09f2f057ae900ef34e.pkl,0
D:\08_Dataset\Internal\mar2020\pickle_files\4c82a5fded716135ae9633f055741f68f53b429e.pkl,0
D:\08_Dataset\Internal\mar2020\pickle_files\d3ff5d395476c248d9d5f583899cd02e9fe06e55.pkl,0
D:\08_Dataset\Internal\mar2020\pickle_files\d8efa96a2b9ce4542e58bb58698299de9e7c29ad.pkl,0
D:\08_Dataset\Internal\mar2020\pickle_files\968a05e175663ec34f9851b11389f0b7b1d6e150.pkl,0
D:\08_Dataset\Internal\mar2020\pickle_files\50a13d0be6e8b383de04b7d799dd0fedf18b5806.pkl,0
D:\08_Dataset\Internal\mar2020\pickle_files\041440890c23ba7207252d474bb2767371ed356e.pkl,0
D:\08_Dataset\Internal\mar2020\pickle_files\e81b04f2b15adeada3468c7bfa60fd744d388eec.pkl,0
D:\08_Dataset\Internal\mar2020\pickle_files\b386ce7cd752ede465be65dbb0a16924ac699283.pkl,0
D:\08_Dataset\Internal\mar2020\pickle_files\62eac1408047af8ea98613026e42068535203d55.pkl,0
D:\08_Dataset\Internal\mar2020\pickle_files\3e880c502b2d838ee8059b1ba02aeceb8d8f3ad8.pkl,0
D:\08_Dataset\Internal\mar2020\pickle_files\b95c3e73bbbd42e1dcb71375482bb43934ab969b.pkl,0
D:\08_Dataset\Internal\mar2020\pickle_files\99a4649b056160713c743fdce7cfebaa3c89565f.pkl,0
D:\08_Dataset\Internal\mar2020\pickle_files\f674545b87753d53771e3f916a016f30281319a0.pkl,0
D:\08_Dataset\Internal\mar2020\pickle_files\509c1675b4d92e34485e32df7229987b957ebbd7.pkl,0
D:\08_Dataset\Internal\mar2020\pickle_files\9722af58ac26f2b6925167878c78ccfa02bf7522.pkl,0
D:\08_Dataset\Internal\mar2020\pickle_files\0af3ad165932ee9de890d0ca6ad0677af49fb941.pkl,0
D:\08_Dataset\Internal\mar2020\pickle_files\c222b9792bb6a9003b2a614e0f82caa29572d147.pkl,0
D:\08_Dataset\Internal\mar2020\pickle_files\2db1b1824b2457dc11b7ec8fe3a9146f22d1b85d.pkl,0
D:\08_Dataset\Internal\mar2020\pickle_files\0d84600b4a8227f604d8c35e09a4137dbbcfcee2.pkl,0
D:\08_Dataset\Internal\mar2020\pickle_files\829be11c296d02adc50c94c7da28428c8de4ce46.pkl,0
D:\08_Dataset\Internal\mar2020\pickle_files\286dbba4312ad4de20b3826325eafd66fa10c959.pkl,0
D:\08_Dataset\Internal\mar2020\pickle_files\932424720e2f24d73b46fbbf7c5622f7e5f434ce.pkl,0
D:\08_Dataset\Internal\mar2020\pickle_files\ccba2003bd6053ffaefac13db902c3b4a5b2e936.pkl,0
D:\08_Dataset\Internal\mar2020\pickle_files\e8328104560bf18e369ee50d1ec8c42a59ba0977.pkl,0
D:\08_Dataset\Internal\mar2020\pickle_files\ba331a717cc4d0a8310cb7e63e4e1a3f7b9f6637.pkl,0
D:\08_Dataset\Internal\mar2020\pickle_files\2338791f438dbeebc2865ac9328ac750ce4021ba.pkl,0
D:\08_Dataset\Internal\mar2020\pickle_files\f311615cef871d7131b5e83cc0a65721bb39e2cb.pkl,0
D:\08_Dataset\Internal\mar2020\pickle_files\dc35f1d22fdda94e43081b7b819b270bdde08472.pkl,0
D:\08_Dataset\Internal\mar2020\pickle_files\e5b1033e007727384faa9bc1a2181f56dfd940b3.pkl,0
D:\08_Dataset\Internal\mar2020\pickle_files\fb2a32240680fa4d6488e4101f7ebd1373d98613.pkl,0
D:\08_Dataset\Internal\mar2020\pickle_files\3d4afedf0885641a58dcc5e7cfe69f5a395c06b0.pkl,0
D:\08_Dataset\Internal\mar2020\pickle_files\8db696b631f02c74bbea4499196634ace315d478.pkl,0
D:\08_Dataset\Internal\mar2020\pickle_files\f8a1385128fdff9480fd5b62a5e151365808855e.pkl,0
D:\08_Dataset\Internal\mar2020\pickle_files\bfd96f5f92c5a3b62a8ce61bc94fef28fa3bbfc2.pkl,0
D:\08_Dataset\Internal\mar2020\pickle_files\862a9d4ce084a245d2afa0484997bb796323f29e.pkl,0
D:\08_Dataset\Internal\mar2020\pickle_files\4a5e5e49c55763a1ab8d827b794c6f65c5f4c92e.pkl,0
D:\08_Dataset\Internal\mar2020\pickle_files\ea17eaf1aaba4b5342f50a81bd4f7fe790d54938.pkl,0
D:\08_Dataset\Internal\mar2020\pickle_files\7c57b23511703fd0430e64fa1420582eb109bba6.pkl,0
D:\08_Dataset\Internal\mar2020\pickle_files\80254cf7ae69823bc0530b0eb6c242117aa0fe81.pkl,0
D:\08_Dataset\Internal\mar2020\pickle_files\507d80cde9cddb9aecde2e6ffe92620513979d26.pkl,0
D:\08_Dataset\Internal\mar2020\pickle_files\da16ccf70b030b662f6a32e64a0e1499e0ad5cc3.pkl,0
D:\08_Dataset\Internal\mar2020\pickle_files\898a036b9cc1e60d4ac9f9980ea18e6cd5d951e1.pkl,0
D:\08_Dataset\Internal\mar2020\pickle_files\29fbc873460170d6541b49bdbfab786ca3885ab3.pkl,0
D:\08_Dataset\Internal\mar2020\pickle_files\af5bd5bbfed46163b0ff114db67e1e53ea7512e3.pkl,0
D:\08_Dataset\Internal\mar2020\pickle_files\b827b5f028061cc82c430c1db92e44e9225db392.pkl,0
D:\08_Dataset\Internal\mar2020\pickle_files\b168555c072cb890bda47efe152d09da289f4765.pkl,0
D:\08_Dataset\Internal\mar2020\pickle_files\940d1e4a4499bca5565f3cb9d9df1a317833e835.pkl,0
D:\08_Dataset\Internal\mar2020\pickle_files\cdfcefb9546128712a9f80af57110679375d0dc3.pkl,0
D:\08_Dataset\Internal\mar2020\pickle_files\49aafc6ac192e4efbe32f06bc3271b61975c4ae4.pkl,0
D:\08_Dataset\Internal\mar2020\pickle_files\54102fc1723636bcf838712f530919809dc6add8.pkl,0
D:\08_Dataset\Internal\mar2020\pickle_files\bc993425163b89ecb757bef045ef582041da0603.pkl,0
D:\08_Dataset\Internal\mar2020\pickle_files\0a7e29c4c45d1abffaeaf832e041445123206100.pkl,0
D:\08_Dataset\Internal\mar2020\pickle_files\70c1f5a5ab23b9a5cb25957676b72db856618932.pkl,0
D:\08_Dataset\Internal\mar2020\pickle_files\9b70bf0a7ebc265d708f770f5fc532f501bcb263.pkl,0
D:\08_Dataset\Internal\mar2020\pickle_files\6d0b37c5bd679eaade00c7f4f589a55704880186.pkl,0
D:\08_Dataset\Internal\mar2020\pickle_files\185b9f493a5c801f684f4c3f38bda8d0316aba1c.pkl,0
D:\08_Dataset\Internal\mar2020\pickle_files\5ceb5ab9986a28a51f9f2654f4336465a54c38b3.pkl,0
D:\08_Dataset\Internal\mar2020\pickle_files\860f0b10419fddda08a763cf93e883a8008b64fe.pkl,0
D:\08_Dataset\Internal\mar2020\pickle_files\614325355dbbd0bc276066c87ea71b79364dbcb2.pkl,0
D:\08_Dataset\Internal\mar2020\pickle_files\e874ca3952f8cb00ee78e1fe681aa7e6c319f6c6.pkl,0
D:\08_Dataset\Internal\mar2020\pickle_files\7475b388165ba865f770911832826ce9c4a6450c.pkl,0
D:\08_Dataset\Internal\mar2020\pickle_files\fc11a07a47cbd8566929f9459cb73bb34b97aacf.pkl,0
D:\08_Dataset\Internal\mar2020\pickle_files\b9f93c730e134cafca51aaea8fe093f1fbf24cef.pkl,0
D:\08_Dataset\Internal\mar2020\pickle_files\079835fe4a56a4b23757429ad274cbd5ddde5b4d.pkl,0
D:\08_Dataset\Internal\mar2020\pickle_files\b8a2cecf7cb86b9df3c859a27ce1273ec825f275.pkl,0
D:\08_Dataset\Internal\mar2020\pickle_files\19a6b88032782a974202d584d5fe66dcf6c375e0.pkl,0
D:\08_Dataset\Internal\mar2020\pickle_files\11c2de0e353fefdddeaf0daf925ac4ad9770fff7.pkl,0
D:\08_Dataset\Internal\mar2020\pickle_files\ac475af0db76257d6bfed398930ab154db23bc6f.pkl,0
D:\08_Dataset\Internal\mar2020\pickle_files\b930bbef0462387b14ce856fe6ed58aa55bb357f.pkl,0
D:\08_Dataset\Internal\mar2020\pickle_files\3f5d26e95b2ace182ee376f7bcf7c57d77b71547.pkl,0
D:\08_Dataset\Internal\mar2020\pickle_files\08231934aa2b5395d4b22892d8be70f9cf250ac6.pkl,0
D:\08_Dataset\Internal\mar2020\pickle_files\d19b4ba4c83a0782ab0fbf1be55a3055d381a03f.pkl,0
D:\08_Dataset\Internal\mar2020\pickle_files\e6d4e1766e546af676c12b83b76357e0b770f759.pkl,0
D:\08_Dataset\Internal\mar2020\pickle_files\e7691f8de8d15d701bc24c7dd9191de1745f8ecf.pkl,0
D:\08_Dataset\Internal\mar2020\pickle_files\c7b96294ca0521e332b85a79cebaf6eee2d3eb56.pkl,0
D:\08_Dataset\Internal\mar2020\pickle_files\793b94b15f1aa8142ae3e0271f71aa69e108652b.pkl,0
D:\08_Dataset\Internal\mar2020\pickle_files\1f1e159a2dfe4f80fbb3f64f3f5bce159fa611f7.pkl,0
D:\08_Dataset\Internal\mar2020\pickle_files\8cc95d792e19d9c57876fda23159fdc038c8712a.pkl,0
D:\08_Dataset\Internal\mar2020\pickle_files\796eacdd69a42a825892c4af15e72db9b510f621.pkl,0
D:\08_Dataset\Internal\mar2020\pickle_files\63149746e8fa07129918d66adeb44a96f280baae.pkl,0
D:\08_Dataset\Internal\mar2020\pickle_files\8e86235abf0bd657f2baaf3fa7479fd7aca14f64.pkl,0
D:\08_Dataset\Internal\mar2020\pickle_files\9b25e951b001ff96e5f425afc0d2726b187dbdf1.pkl,0
D:\08_Dataset\Internal\mar2020\pickle_files\dc0bddc56affc79f5a0dd7c5e96f34a1a76f3139.pkl,0
D:\08_Dataset\Internal\mar2020\pickle_files\430df0fc22b123eec335efbf39eada23aae97ec3.pkl,0
D:\08_Dataset\Internal\mar2020\pickle_files\a7c93c3dbd5ca1126a9ae85a8a027fb2488b15c0.pkl,0
D:\08_Dataset\Internal\mar2020\pickle_files\4c5cfa9f78d497c5c5f8dcc89558aeb8ff4783bc.pkl,0
D:\08_Dataset\Internal\mar2020\pickle_files\1cbe509b4d314b9516902909b7b7279593f8a3f8.pkl,0
D:\08_Dataset\Internal\mar2020\pickle_files\3ea7b975468e7cd380f602e6feff5e5fece98fb7.pkl,0
D:\08_Dataset\Internal\mar2020\pickle_files\08d3d23c735df2ea0546fcbcc2fefebb7d340216.pkl,0
D:\08_Dataset\Internal\mar2020\pickle_files\b75e706c15addc23d83c29d7c1e542a5576d0d7d.pkl,0
D:\08_Dataset\Internal\mar2020\pickle_files\ca1668d8d389b48a5ba574925b4496df2950434d.pkl,0
D:\08_Dataset\Internal\mar2020\pickle_files\a3d677f8a10cb8f47905d3b8556c49fffd4938b9.pkl,1
D:\08_Dataset\Internal\mar2020\pickle_files\0ed1edc00ec84133fa8fcb270d912b587f5160ec.pkl,1
D:\08_Dataset\Internal\mar2020\pickle_files\f4c49882287c23f58699f7096209fb25f56fcca3.pkl,1
D:\08_Dataset\Internal\mar2020\pickle_files\4ce0d73c350dfd5458e3644ef761f3da4fe648d6.pkl,1
D:\08_Dataset\Internal\mar2020\pickle_files\c02253223cbe2e537f7c83617ccc7f16e1eaa7b1.pkl,1
D:\08_Dataset\Internal\mar2020\pickle_files\a1127f0d17cef6bd9ca5da40da57b502aad0c272.pkl,1
D:\08_Dataset\Internal\mar2020\pickle_files\eb533438e1eaa3f4ab5ceec80d4cec6582cade53.pkl,1
D:\08_Dataset\Internal\mar2020\pickle_files\de90f28616f48d52cd4e435a26bda7e9ae6cc511.pkl,1
D:\08_Dataset\Internal\mar2020\pickle_files\72bcf945c008b65ac872343a1cdfeb4d5f7c7826.pkl,1
D:\08_Dataset\Internal\mar2020\pickle_files\7c0125e8bd5fcf901e2e37b1b062adcc292e6499.pkl,1
D:\08_Dataset\Internal\mar2020\pickle_files\c4f60bb42829edcf8863d7fb13dacfff9a93ec04.pkl,1
D:\08_Dataset\Internal\mar2020\pickle_files\b1872d60831b13fd9c668de0e4de57927f7dcf72.pkl,1
D:\08_Dataset\Internal\mar2020\pickle_files\94f9c0d4c032fb6029ed2931da321ec4597b89fe.pkl,1
D:\08_Dataset\Internal\mar2020\pickle_files\b706c5e54f179b43e1a0639b3587fc31fb0c0519.pkl,1
D:\08_Dataset\Internal\mar2020\pickle_files\2a6ff0092c7710c377a79b96c269f24796c103cc.pkl,1
D:\08_Dataset\Internal\mar2020\pickle_files\4f602855b639f26057db8bbd1b85c1c21b69ec41.pkl,1
D:\08_Dataset\Internal\mar2020\pickle_files\68d509d926bec49fc983acac183879752f15dcb2.pkl,1
D:\08_Dataset\Internal\mar2020\pickle_files\4ae02bbaf045247abab4a12ae80d41fc5d3834bb.pkl,1
D:\08_Dataset\Internal\mar2020\pickle_files\5a646268a2066da83ebc471b10011d8600b3cb33.pkl,1
D:\08_Dataset\Internal\mar2020\pickle_files\961b86bd49ba81c8580e976918cc564a5b737b50.pkl,1
D:\08_Dataset\Internal\mar2020\pickle_files\eb89e56bf6ed65421c0274381a248f42075b276f.pkl,1
D:\08_Dataset\Internal\mar2020\pickle_files\16d0f4b08b9b30c212fcccbc1663f97c5df669a5.pkl,1
D:\08_Dataset\Internal\mar2020\pickle_files\0c67a9d0ee3d61a0904bbcc8e78e950d5398cf25.pkl,1
D:\08_Dataset\Internal\mar2020\pickle_files\0aa4a67a0b9c2cf621282d4d12d9122715bbd4ce.pkl,1
D:\08_Dataset\Internal\mar2020\pickle_files\5f3bebdfeb4725cde7fcd0563fe7ef8b39563131.pkl,1
D:\08_Dataset\Internal\mar2020\pickle_files\f8ede7e429f400b5788081fb6275fa99b158ecba.pkl,1
D:\08_Dataset\Internal\mar2020\pickle_files\75ab57aa7855bde98ed457e2365f1fb621abc2a6.pkl,1
D:\08_Dataset\Internal\mar2020\pickle_files\f6e80611f8e9841a791f25229caddc046cf418cb.pkl,1
D:\08_Dataset\Internal\mar2020\pickle_files\238f1e297709d1b313c561409afb83ef23b2055a.pkl,1
D:\08_Dataset\Internal\mar2020\pickle_files\2b847a53b0938da0ebdddfffb2d5ad134f1fedee.pkl,1
D:\08_Dataset\Internal\mar2020\pickle_files\cd7a055dfcb35074675c5ed6659539b630ca3135.pkl,1
D:\08_Dataset\Internal\mar2020\pickle_files\8285ee13e04947816fa212295943d353cc061598.pkl,1
D:\08_Dataset\Internal\mar2020\pickle_files\60b220e7b624b0ecf7c5795686c8e27c31007a14.pkl,1
D:\08_Dataset\Internal\mar2020\pickle_files\c2caca0ce539edac910e09da9533a283713b865b.pkl,1
D:\08_Dataset\Internal\mar2020\pickle_files\d3664907471c02021e5e264d239b436ea3e7dc8b.pkl,1
D:\08_Dataset\Internal\mar2020\pickle_files\b14c3c13e8d0126d8f977b38d6d79d72ef941fa1.pkl,1
D:\08_Dataset\Internal\mar2020\pickle_files\516164014638d1a651d5342db39bde1442133046.pkl,1
D:\08_Dataset\Internal\mar2020\pickle_files\7b921f795a6535094d61d998f63eba7c9beb60ad.pkl,1
D:\08_Dataset\Internal\mar2020\pickle_files\d654716d45400f8291a2962c73931924d84d8557.pkl,1
D:\08_Dataset\Internal\mar2020\pickle_files\745506ab8ffda1c16e871b4441a89e3bb7029c23.pkl,1
D:\08_Dataset\Internal\mar2020\pickle_files\f3f19ac338c9457f391d3005650b0dcad21fa71c.pkl,1
D:\08_Dataset\Internal\mar2020\pickle_files\48d6b80dd67f6705a05b8512bef983c6770f21da.pkl,1
D:\08_Dataset\Internal\mar2020\pickle_files\eb7e37977cdfc6a81c9d7912f412ec21ed886c2a.pkl,1
D:\08_Dataset\Internal\mar2020\pickle_files\562ae91dde03c0c6eae8c85f8fecc5db23ea6427.pkl,1
D:\08_Dataset\Internal\mar2020\pickle_files\4525f2ef652f21cd5085675a254c1e385978c3f4.pkl,1
D:\08_Dataset\Internal\mar2020\pickle_files\231d2f01735e4b36f69b4faeec06a44b1333dd72.pkl,1
D:\08_Dataset\Internal\mar2020\pickle_files\09823e035599d61ad75cfe20bf29d14cfce5fb65.pkl,1
D:\08_Dataset\Internal\mar2020\pickle_files\a0462b816b9e91c97bc876cb97aea6a1544f44fd.pkl,1
D:\08_Dataset\Internal\mar2020\pickle_files\9340f1d948b49fa10ed3d57901861677bbe9da5d.pkl,1
D:\08_Dataset\Internal\mar2020\pickle_files\33cedcd8d24a13104ba257f18a50c2a305856dba.pkl,1
D:\08_Dataset\Internal\mar2020\pickle_files\3a4e6f8ebb0f4caef850e41c26d2cd4796681aab.pkl,1
D:\08_Dataset\Internal\mar2020\pickle_files\08b55bf0b6791af0402a3192aab025fa66bcb278.pkl,1
D:\08_Dataset\Internal\mar2020\pickle_files\a5b858cf9cf803a302e805ea718495426c64ca6c.pkl,1
D:\08_Dataset\Internal\mar2020\pickle_files\37111e90352ccb0beb2e0014cd0668d0bcb3bed6.pkl,1
D:\08_Dataset\Internal\mar2020\pickle_files\19298b6e7b0fefb5081cbb58e449ee400bbeb0ab.pkl,1
D:\08_Dataset\Internal\mar2020\pickle_files\49f82339004a32363de493a4382adb1b71660b2f.pkl,1
D:\08_Dataset\Internal\mar2020\pickle_files\3400c5bf513c3a6776ce387a7d2aa720eb2f47b7.pkl,1
D:\08_Dataset\Internal\mar2020\pickle_files\1cbfb0ec42786c06b2cecd4c7fc3252c023a5e2c.pkl,1
D:\08_Dataset\Internal\mar2020\pickle_files\9ff1a6dbd9f2a1e1af671a43c41a96e3916723eb.pkl,1
D:\08_Dataset\Internal\mar2020\pickle_files\dd77ded52ffe0a48c7d2328c9bbb4f44046d8fa4.pkl,1
D:\08_Dataset\Internal\mar2020\pickle_files\68fe07b2466272ff6f10426b8a35cd3ab35b5311.pkl,1
D:\08_Dataset\Internal\mar2020\pickle_files\59468781acf3f51f6679daa849ee222cd15a0bd3.pkl,1
D:\08_Dataset\Internal\mar2020\pickle_files\d7dbde4a351ddd6fe89ce00063e2dcb3632256ed.pkl,1
D:\08_Dataset\Internal\mar2020\pickle_files\507729fc1f0fdc13b66a71dcbf4487689f66a3ea.pkl,1
D:\08_Dataset\Internal\mar2020\pickle_files\05254d1aab82e4732a3ce63186e5bcc0282bd472.pkl,1
D:\08_Dataset\Internal\mar2020\pickle_files\c3fd6af8a45683db503bc05fabc7b634d446a1fa.pkl,1
D:\08_Dataset\Internal\mar2020\pickle_files\501fccc2a341ac42f6efa4cdebfd64bfbfe37f10.pkl,1
D:\08_Dataset\Internal\mar2020\pickle_files\a6d3cb30f889d1dd88e270d938505a835707e051.pkl,1
D:\08_Dataset\Internal\mar2020\pickle_files\a3af909a9ce233e75275899bf4b7b4f56254f9b9.pkl,1
D:\08_Dataset\Internal\mar2020\pickle_files\151e031cb0fa909e1ab5d6db0c0307bbf2b6ccfa.pkl,1
D:\08_Dataset\Internal\mar2020\pickle_files\a45282ab783f853136d3a6bc7ab11634600ad3f1.pkl,1
D:\08_Dataset\Internal\mar2020\pickle_files\7311dbde43263fa56d90c36a3b6654cac840eb9d.pkl,1
D:\08_Dataset\Internal\mar2020\pickle_files\5699dd8deddacad177c7cb4691c5e817fef7af94.pkl,1
D:\08_Dataset\Internal\mar2020\pickle_files\d05fe306025a838812583088dd4eb37ba5262145.pkl,1
D:\08_Dataset\Internal\mar2020\pickle_files\90af1b0450ffa67f60d19d687482bf4ea29090ff.pkl,1
D:\08_Dataset\Internal\mar2020\pickle_files\b0636d7a84febf5797516eacb4e0083e18d58ba1.pkl,1
D:\08_Dataset\Internal\mar2020\pickle_files\13829500cca9df9b2726effb51d03bf22bedb17c.pkl,1
D:\08_Dataset\Internal\mar2020\pickle_files\eff629b064c11b857b8ede6e008dcef2f5156204.pkl,1
D:\08_Dataset\Internal\mar2020\pickle_files\97d81963df66f3ef3449bb64adef7de6b84ec148.pkl,1
D:\08_Dataset\Internal\mar2020\pickle_files\a96f642be8fcf73c237355ce4ec471295f675d0d.pkl,1
D:\08_Dataset\Internal\mar2020\pickle_files\ac0e160cf9425cf19dd56253a9f99d1b8867b5c8.pkl,1
D:\08_Dataset\Internal\mar2020\pickle_files\29e967c9af270c4f69d484d7cfafc5e9399388dd.pkl,1
D:\08_Dataset\Internal\mar2020\pickle_files\868baa918c461044cd729e69ba6bb230a5ddf277.pkl,1
D:\08_Dataset\Internal\mar2020\pickle_files\8a4a9cada84c26e1a69cd042bc3871a854a9282b.pkl,1
D:\08_Dataset\Internal\mar2020\pickle_files\9f9ad460beec14d256b335945f0a50c902add949.pkl,1
D:\08_Dataset\Internal\mar2020\pickle_files\bc93993ef9d52e27042808dce48b6776caa9a9e2.pkl,1
D:\08_Dataset\Internal\mar2020\pickle_files\79ba48fad0535a16baf49b1d68359f7ae911f61f.pkl,1
D:\08_Dataset\Internal\mar2020\pickle_files\41fa23c7d146cc5a95cedc724a3cf383bc1149cf.pkl,1
D:\08_Dataset\Internal\mar2020\pickle_files\b7b817430fbf59c06d903cf3db62c6d51a0d0b35.pkl,1
D:\08_Dataset\Internal\mar2020\pickle_files\1f47a2493ec3c99053fd871ebba7bb0ca0625d4e.pkl,1
D:\08_Dataset\Internal\mar2020\pickle_files\7d818d33e348a01478184fbf4b4e117fedf05b40.pkl,1
D:\08_Dataset\Internal\mar2020\pickle_files\46039859d55c2264303b4b2e0a39c6b2ca004370.pkl,1
D:\08_Dataset\Internal\mar2020\pickle_files\c08584ecb89dad4f90ff05b7814b228ff8ce004e.pkl,1
D:\08_Dataset\Internal\mar2020\pickle_files\41dafc5a7170f744f3388c74407db154f6e974cd.pkl,1
D:\08_Dataset\Internal\mar2020\pickle_files\aca29cb78540699f32270079fbf2241c9191098c.pkl,1
D:\08_Dataset\Internal\mar2020\pickle_files\99952aa3017d695d31e27b60b34efb017ce244d9.pkl,1
D:\08_Dataset\Internal\mar2020\pickle_files\7df3255407ff227a1cd9a456c9180ca38c3f2694.pkl,1
D:\08_Dataset\Internal\mar2020\pickle_files\300b3697d5dbc8d8a7ea397a42015ef950a3f150.pkl,1
D:\08_Dataset\Internal\mar2020\pickle_files\e0a5c64a86a8f51f04b074e9d3b8cecc75548024.pkl,1
D:\08_Dataset\Internal\mar2020\pickle_files\f25e69e16dec8bbb7e14808193c469bb58c36c8c.pkl,1
